label,v1,v2,v3,v4,v5,v6,v7,v8,v9,v10,v11,v12,v13,v14,v15,v16
good,0.5703336000442505,0.5137978196144104,-1.1570818424224854,0.9997305274009705,0.6686672568321228,0.4747951328754425,-0.6027306914329529,0.9991265535354614,0.8397939801216125,0.7954366207122803,-0.22334186732769012,0.9977001547813416,0.36743399500846863,0.8161133527755737,-0.3154280483722687,0.9992884397506714
good,0.5833536982536316,0.5057653188705444,-1.1062873601913452,0.9998758435249329,0.6749407649040222,0.4753726124763489,-0.5805949568748474,0.9998213648796082,0.8291824460029602,0.7794727087020874,-0.36243027448654175,0.9991375207901001,0.36958855390548706,0.79514080286026,-0.16939428448677063,0.9988732933998108
good,0.6674168109893799,0.5248579382896423,-0.9875363111495972,0.9996964931488037,0.7325045466423035,0.5155197978019714,-0.43174973130226135,0.9993165135383606,0.8177919387817383,0.7971944212913513,-0.2126578986644745,0.9984744787216187,0.36776116490364075,0.8021411299705505,-0.19008761644363403,0.9985336065292358
good,0.5237323045730591,0.5355256795883179,-1.1639922857284546,0.9999151229858398,0.644685685634613,0.48661187291145325,-0.6806328296661377,0.9997020363807678,0.8295165300369263,0.8032925128936768,-0.27142956852912903,0.9977824687957764,0.3422974944114685,0.823688268661499,-0.32071787118911743,0.9992974996566772
good,0.5257965326309204,0.5520070195198059,-1.185004711151123,0.9999460577964783,0.6446980237960815,0.4943529963493347,-0.7246951460838318,0.9997963309288025,0.8305264711380005,0.8070930242538452,-0.30946600437164307,0.9982760548591614,0.332157164812088,0.8326855897903442,-0.3964110016822815,0.9993635416030884
good,0.5281554460525513,0.5180419683456421,-0.8801729083061218,0.9999222755432129,0.6423653364181519,0.4539502263069153,-0.49707508087158203,0.9998599886894226,0.8494216203689575,0.8031134009361267,-0.2796204090118408,0.9985669851303101,0.31898751854896545,0.8557537794113159,-0.25136250257492065,0.998925507068634
good,0.5343068838119507,0.5437424778938293,-1.1947824954986572,0.9998424649238586,0.6304967403411865,0.4744006395339966,-0.5969556570053101,0.9997027516365051,0.8109761476516724,0.7965207695960999,-0.28589928150177,0.9992063045501709,0.3191984295845032,0.8113275766372681,-0.3076230585575104,0.9991989135742188
good,0.627720832824707,0.49774619936943054,-1.462438702583313,0.9995712637901306,0.6998776793479919,0.47167250514030457,-0.8235047459602356,0.9979587197303772,0.8279813528060913,0.7927160263061523,-0.3861422836780548,0.9967401027679443,0.3325243294239044,0.8182198405265808,-0.5922168493270874,0.9988430738449097
good,0.5980201363563538,0.5023368000984192,-1.1956462860107422,0.9993515610694885,0.6947137117385864,0.47250857949256897,-0.628806471824646,0.9975419640541077,0.8296968340873718,0.7686834335327148,-0.232218936085701,0.9975324273109436,0.38020190596580505,0.7808361649513245,-0.3492181897163391,0.999363124370575
good,0.5917801260948181,0.5196617841720581,-1.2850192785263062,0.9996383190155029,0.6746460199356079,0.4721989631652832,-0.562695324420929,0.9988850951194763,0.8305462598800659,0.7815969586372375,-0.1270809918642044,0.9979450702667236,0.3604277968406677,0.7860149145126343,-0.46996039152145386,0.9993770122528076
good,0.6693722009658813,0.5343443751335144,-1.2872583866119385,0.9997873306274414,0.7320885062217712,0.5057482123374939,-0.5763944983482361,0.9994521141052246,0.8519571423530579,0.8028333783149719,-0.11900398880243301,0.9951269030570984,0.3802460730075836,0.7841602563858032,-0.4835629463195801,0.9988807439804077
good,0.6956235766410828,0.5484062433242798,-1.24462890625,0.9994733929634094,0.7576863169670105,0.5185701251029968,-0.5319672226905823,0.9984987378120422,0.8642852902412415,0.8240647912025452,-0.09100989252328873,0.9805136322975159,0.38356274366378784,0.7945600152015686,-0.5017746090888977,0.9977785348892212
good,0.6995527744293213,0.5558319687843323,-1.1860169172286987,0.9990785121917725,0.769058346748352,0.526557445526123,-0.5096881985664368,0.9974415302276611,0.8680911064147949,0.8326451182365417,-0.12262431532144547,0.9661592245101929,0.3884126543998718,0.7963539361953735,-0.42132148146629333,0.9969499111175537
good,0.6286023855209351,0.4815428853034973,-1.1821080446243286,0.9986860752105713,0.7160276174545288,0.4756784439086914,-0.49384886026382446,0.9971262216567993,0.871923565864563,0.8268263339996338,-0.18867750465869904,0.9603798389434814,0.3752566874027252,0.8251897096633911,-0.4093405604362488,0.9953985214233398
good,0.5561575293540955,0.5067389011383057,-1.1091381311416626,0.9989411234855652,0.662239670753479,0.4643954932689667,-0.4881659150123596,0.9980462193489075,0.8411105275154114,0.7962695956230164,-0.11475400626659393,0.9782843589782715,0.36354270577430725,0.8278400897979736,-0.39375555515289307,0.9965003132820129
good,0.5731804370880127,0.5190868973731995,-1.1924916505813599,0.9996582269668579,0.669772207736969,0.47435978055000305,-0.5068240761756897,0.9994035363197327,0.837684154510498,0.79949951171875,-0.09515269100666046,0.9938637018203735,0.3597957491874695,0.8126212358474731,-0.4078044295310974,0.9987633228302002
good,0.6043518781661987,0.5213745832443237,-1.1657671928405762,0.9996955394744873,0.6831430792808533,0.47497063875198364,-0.481936514377594,0.999466598033905,0.8348401784896851,0.7953048944473267,-0.07038094103336334,0.9949084520339966,0.3686642050743103,0.7965913414955139,-0.4225795269012451,0.9989110827445984
good,0.5626794099807739,0.5497400760650635,-1.5028207302093506,0.9998664259910583,0.6713548302650452,0.4938610792160034,-0.8803542256355286,0.9997400045394897,0.8368057012557983,0.7973454594612122,-0.44823139905929565,0.9972650408744812,0.34626826643943787,0.8100100159645081,-0.5931464433670044,0.9991605877876282
good,0.5726856589317322,0.5436010956764221,-1.2588651180267334,0.9999068975448608,0.6661787033081055,0.48567089438438416,-0.5998021960258484,0.9998134970664978,0.8319481611251831,0.794654905796051,-0.17817671597003937,0.9975261688232422,0.37069544196128845,0.7970311641693115,-0.4339199960231781,0.9991632699966431
good,0.6413615345954895,0.5128523707389832,-1.0086605548858643,0.9998607635498047,0.7152856588363647,0.47966375946998596,-0.49470144510269165,0.9996848106384277,0.8371260762214661,0.768584132194519,-0.2494802176952362,0.9990517497062683,0.37768155336380005,0.8105051517486572,-0.2122993916273117,0.9991312623023987
good,0.6412626504898071,0.5068946480751038,-0.9523239135742188,0.999876081943512,0.71125328540802,0.4788922369480133,-0.46750807762145996,0.9997045397758484,0.8389274477958679,0.77836674451828,-0.2641344666481018,0.9992345571517944,0.37908539175987244,0.8117868304252625,-0.19689519703388214,0.9992130398750305
good,0.6160743832588196,0.505875825881958,-1.0093144178390503,0.9998791813850403,0.6929510831832886,0.47893282771110535,-0.5091756582260132,0.999748170375824,0.8316788673400879,0.7806083559989929,-0.2803359627723694,0.9993441104888916,0.38356345891952515,0.8086220026016235,-0.17355521023273468,0.9992296099662781
good,0.5519636869430542,0.4874761700630188,-0.9503815770149231,0.9999294877052307,0.6657028794288635,0.4525483250617981,-0.539689838886261,0.9998837113380432,0.8621598482131958,0.8013122081756592,-0.40001168847084045,0.9991061687469482,0.3859633207321167,0.8189910650253296,-0.08439084887504578,0.9984353184700012
good,0.6479348540306091,0.600530743598938,-1.3419380187988281,0.9999518990516663,0.7225483655929565,0.5361006855964661,-0.8111822009086609,0.9999014139175415,0.8518952131271362,0.8158727288246155,-0.41700953245162964,0.9992416501045227,0.38578853011131287,0.8164699077606201,-0.42372146248817444,0.9991888999938965
good,0.5313875079154968,0.5261809229850769,-0.997035801410675,0.99996018409729,0.6413066387176514,0.4585381746292114,-0.5755982398986816,0.9999186396598816,0.8342231512069702,0.7911600470542908,-0.22057898342609406,0.9991998076438904,0.37839236855506897,0.8035497665405273,-0.30676689743995667,0.9991706609725952
good,0.523812472820282,0.5083925724029541,-0.7299405336380005,0.999972939491272,0.6399022340774536,0.45495712757110596,-0.5382009744644165,0.9999379515647888,0.8476184010505676,0.7991964221000671,-0.361497700214386,0.9994414448738098,0.36962586641311646,0.8297604918479919,-0.26110726594924927,0.9994807243347168
good,0.5313896536827087,0.5099391341209412,-0.7551018595695496,0.9999733567237854,0.6470268964767456,0.461764395236969,-0.47962984442710876,0.9999318718910217,0.8457951545715332,0.8016864657402039,-0.28879064321517944,0.9993780851364136,0.3732565939426422,0.8156007528305054,-0.22443628311157227,0.9995706677436829
good,0.5783439874649048,0.522146999835968,-1.0462195873260498,0.9999309182167053,0.6874900460243225,0.4840747117996216,-0.602373480796814,0.9997887015342712,0.8473304510116577,0.7979101538658142,-0.2323308289051056,0.9988349080085754,0.37741416692733765,0.8078113794326782,-0.3355625569820404,0.9996466636657715
good,0.567038357257843,0.5209963321685791,-1.0749905109405518,0.9998903274536133,0.6816675066947937,0.48176974058151245,-0.6519743800163269,0.9996366500854492,0.844018280506134,0.7910711169242859,-0.2940496802330017,0.9987836480140686,0.37891045212745667,0.7895084619522095,-0.35735800862312317,0.9996663331985474
good,0.5834850072860718,0.5153671503067017,-1.1903126239776611,0.9999087452888489,0.6851221323013306,0.4799392521381378,-0.6540007591247559,0.999687135219574,0.8457881808280945,0.7915745377540588,-0.2617175281047821,0.9987853169441223,0.3761191666126251,0.7994998097419739,-0.38712459802627563,0.9996771812438965
good,0.5752601623535156,0.45291242003440857,-0.906750500202179,0.9999297857284546,0.6906980872154236,0.3837103247642517,-0.5138469934463501,0.9998497366905212,0.8947494626045227,0.722946286201477,-0.2969619631767273,0.9989133477210999,0.3785395920276642,0.7806288003921509,-0.10117904096841812,0.9992462992668152
good,0.5876437425613403,0.47495755553245544,-1.140743374824524,0.9999387264251709,0.6914650797843933,0.42018258571624756,-0.6343187689781189,0.999872624874115,0.8706873655319214,0.7631322741508484,-0.36697280406951904,0.9988563656806946,0.36415570974349976,0.7854412794113159,-0.19124142825603485,0.9992982149124146
good,0.6761034727096558,0.47794875502586365,-1.194028615951538,0.9998688101768494,0.7464245557785034,0.4509356915950775,-0.60417240858078,0.9996801614761353,0.8564962148666382,0.7605515122413635,-0.2864072620868683,0.9987407326698303,0.38219398260116577,0.782409131526947,-0.26473110914230347,0.9993190169334412
good,0.664501428604126,0.4802597761154175,-1.0810372829437256,0.9996411800384521,0.7602694034576416,0.46492859721183777,-0.559330403804779,0.9988915920257568,0.8892304301261902,0.788679838180542,-0.3671644330024719,0.9986459016799927,0.3815303146839142,0.8034287095069885,-0.18089266121387482,0.9988405108451843
good,0.6190438270568848,0.42494866251945496,-0.875146210193634,0.9997989535331726,0.7155433297157288,0.4097634255886078,-0.38964468240737915,0.9994519352912903,0.8711700439453125,0.7900349497795105,-0.19649052619934082,0.998609185218811,0.36943644285202026,0.7996540665626526,-0.20613250136375427,0.9987661838531494
good,0.6241239905357361,0.467784583568573,-1.0618598461151123,0.999923586845398,0.7225846648216248,0.4347538948059082,-0.5261815786361694,0.9998077750205994,0.8674812316894531,0.8012252449989319,-0.2993709146976471,0.9989005923271179,0.38680383563041687,0.7886772155761719,-0.2062763273715973,0.998725414276123
good,0.5620155930519104,0.5070803165435791,-0.7464649677276611,0.9999464154243469,0.6781233549118042,0.4298383593559265,-0.3889031708240509,0.9998804926872253,0.893545925617218,0.7375368475914001,-0.2579202353954315,0.9988822340965271,0.40452271699905396,0.7939355373382568,-0.029156604781746864,0.9991201758384705
good,0.5675776600837708,0.5049923062324524,-0.8120547533035278,0.9999482035636902,0.6754082441329956,0.4293991029262543,-0.4080929160118103,0.9998721480369568,0.8754560351371765,0.7452786564826965,-0.25772610306739807,0.998795747756958,0.3833225965499878,0.798944354057312,-0.10443142801523209,0.9992149472236633
good,0.5702348351478577,0.49907186627388,-0.8239367604255676,0.9999324679374695,0.6754156947135925,0.4273180067539215,-0.45024219155311584,0.9998502135276794,0.8733664751052856,0.7523413300514221,-0.3133218288421631,0.9989268183708191,0.384137362241745,0.7958587408065796,-0.1075238436460495,0.9992459416389465
good,0.5735605359077454,0.49762722849845886,-1.0647265911102295,0.9999107718467712,0.6793069243431091,0.43093302845954895,-0.5885056257247925,0.9998405575752258,0.8761226534843445,0.7615878582000732,-0.38960784673690796,0.9990976452827454,0.38529473543167114,0.7892221212387085,-0.11294437944889069,0.9991893768310547
good,0.5853182673454285,0.48875391483306885,-1.2322129011154175,0.9998958110809326,0.686905562877655,0.43659812211990356,-0.6979340314865112,0.9998210668563843,0.888168215751648,0.7758660912513733,-0.46731311082839966,0.9990634918212891,0.3751008212566376,0.8034313917160034,-0.19105647504329681,0.9988411664962769
good,0.6745367050170898,0.4921155273914337,-1.2043213844299316,0.9998157024383545,0.7372753024101257,0.46046099066734314,-0.5710406303405762,0.9996104836463928,0.8733370900154114,0.793923020362854,-0.270039439201355,0.9988150596618652,0.37104907631874084,0.807756245136261,-0.3031778931617737,0.9989163875579834
good,0.7009461522102356,0.4833166003227234,-1.177779197692871,0.9996853470802307,0.7605028748512268,0.46514835953712463,-0.5588312745094299,0.9992873072624207,0.8784459829330444,0.7947229743003845,-0.28112995624542236,0.9988806247711182,0.38912373781204224,0.7929542660713196,-0.3174392282962799,0.9987611770629883
good,0.6974216103553772,0.48402389883995056,-1.202372670173645,0.9996780753135681,0.7599431276321411,0.46472427248954773,-0.5626981258392334,0.9993098974227905,0.8762571215629578,0.7970489263534546,-0.24402379989624023,0.9987877011299133,0.3889835476875305,0.7875156402587891,-0.3649560809135437,0.9988024830818176
good,0.6896579265594482,0.49106770753860474,-1.2253987789154053,0.9996757507324219,0.7528402209281921,0.4647459387779236,-0.5851069688796997,0.9993131756782532,0.8767397999763489,0.7995201349258423,-0.28335434198379517,0.9987269639968872,0.38680845499038696,0.8049474954605103,-0.3399164378643036,0.9987421035766602
good,0.635094165802002,0.4915361702442169,-1.1404387950897217,0.9998651742935181,0.7140671014785767,0.44173428416252136,-0.5680723190307617,0.9997272491455078,0.8807754516601562,0.7846997380256653,-0.2980816662311554,0.9990242719650269,0.3820158541202545,0.8039513230323792,-0.22301264107227325,0.9990451335906982
good,0.6741605401039124,0.5064873099327087,-1.266663908958435,0.9999220371246338,0.7365175485610962,0.46313798427581787,-0.6032038927078247,0.9998371601104736,0.8733556866645813,0.7974126935005188,-0.2743019461631775,0.9994806051254272,0.38739556074142456,0.7996877431869507,-0.2944333255290985,0.9993329048156738
good,0.671803891658783,0.5088865160942078,-1.2847321033477783,0.9999290704727173,0.7364708781242371,0.46634504199028015,-0.6312416791915894,0.9998548030853271,0.8746895790100098,0.8053376078605652,-0.34393996000289917,0.999585747718811,0.3862176537513733,0.800136148929596,-0.2674749493598938,0.9994019865989685
good,0.5152348875999451,0.5456383228302002,-1.1320492029190063,0.9998778700828552,0.6429578065872192,0.4641653597354889,-0.5909114480018616,0.9997496008872986,0.8688693046569824,0.8343138098716736,-0.3260893225669861,0.996386706829071,0.3557256758213043,0.8483449220657349,-0.29975688457489014,0.9981034994125366
good,0.5333431959152222,0.5468841791152954,-1.2960929870605469,0.9999121427536011,0.6470511555671692,0.46477511525154114,-0.6801318526268005,0.9998039603233337,0.8639545440673828,0.8345212936401367,-0.36247655749320984,0.9968403577804565,0.3506665825843811,0.8474096655845642,-0.4200359880924225,0.9982022047042847
good,0.5373588800430298,0.545650839805603,-1.3458949327468872,0.9999319314956665,0.6524428725242615,0.4629978537559509,-0.7190550565719604,0.9998401403427124,0.8657037615776062,0.8351956009864807,-0.40491047501564026,0.9969879984855652,0.3512296974658966,0.8451329469680786,-0.3614869713783264,0.9983694553375244
good,0.5371242761611938,0.544015645980835,-1.3414525985717773,0.9999492168426514,0.6589905619621277,0.464231938123703,-0.7210709452629089,0.9998735189437866,0.872346043586731,0.8358280062675476,-0.4060184955596924,0.99701988697052,0.3536229133605957,0.8459668755531311,-0.3426726758480072,0.998443603515625
good,0.5260822176933289,0.48967620730400085,-1.2266205549240112,0.9998231530189514,0.6475287675857544,0.4521646201610565,-0.56343674659729,0.9994651675224304,0.8283275365829468,0.8067262172698975,-0.19984309375286102,0.9941849708557129,0.3270547091960907,0.8140320181846619,-0.4408254623413086,0.9984309673309326
good,0.5420905351638794,0.5054308176040649,-1.2098541259765625,0.9997559189796448,0.6535352468490601,0.45297491550445557,-0.5331307649612427,0.9992458820343018,0.8350651860237122,0.7992547154426575,-0.15130183100700378,0.9925013780593872,0.33234280347824097,0.8086880445480347,-0.3876887559890747,0.9983023405075073
good,0.5655609369277954,0.506636917591095,-1.2795424461364746,0.9997935891151428,0.6741686463356018,0.45624637603759766,-0.5706170797348022,0.9993534088134766,0.8455480337142944,0.8061464428901672,-0.20181557536125183,0.9935407638549805,0.3501374125480652,0.8105021715164185,-0.4026776850223541,0.9985340237617493
good,0.5685093402862549,0.5064377188682556,-1.2763230800628662,0.9997942447662354,0.6771945953369141,0.45634669065475464,-0.5516568422317505,0.9993554949760437,0.8457009196281433,0.8060440421104431,-0.18552657961845398,0.993504524230957,0.35060015320777893,0.8158435225486755,-0.4061715602874756,0.9985304474830627
good,0.5701723098754883,0.5062716603279114,-1.2743295431137085,0.9997956156730652,0.6791956424713135,0.45642831921577454,-0.5436254739761353,0.9993591904640198,0.845936119556427,0.8060411810874939,-0.17711685597896576,0.993477463722229,0.3508208692073822,0.8196553587913513,-0.4095989167690277,0.9985241889953613
good,0.5700910687446594,0.5063685178756714,-1.2715229988098145,0.9998024702072144,0.6799425482749939,0.4568982422351837,-0.5443426370620728,0.9993831515312195,0.8486846685409546,0.8064548373222351,-0.17905427515506744,0.9935700297355652,0.3507974147796631,0.8226898312568665,-0.3956337571144104,0.9984829425811768
good,0.5693322420120239,0.5063940286636353,-1.2714524269104004,0.9998089075088501,0.6799925565719604,0.4574856460094452,-0.5493844151496887,0.9994078278541565,0.8508943319320679,0.8076364994049072,-0.19008196890354156,0.9936874508857727,0.3506598472595215,0.823543131351471,-0.3979718089103699,0.9984502792358398
good,0.568882942199707,0.5065047740936279,-1.2753627300262451,0.9998136758804321,0.680328369140625,0.4584769308567047,-0.5536348223686218,0.999424397945404,0.8517338037490845,0.8085172176361084,-0.19296427071094513,0.9936674237251282,0.3498738408088684,0.8235119581222534,-0.4007490277290344,0.9984180927276611
good,0.5680290460586548,0.5066216588020325,-1.2816758155822754,0.999817430973053,0.6807780265808105,0.4591524302959442,-0.5618345141410828,0.9994383454322815,0.8532081842422485,0.8097596764564514,-0.19889973104000092,0.9936102032661438,0.3492615520954132,0.8234826922416687,-0.4025069773197174,0.9983751177787781
good,0.5663682818412781,0.5065966248512268,-1.264570951461792,0.9998235702514648,0.6809199452400208,0.4596550762653351,-0.5532323718070984,0.9994590878486633,0.8548359870910645,0.8104760050773621,-0.19434791803359985,0.9936133623123169,0.34913259744644165,0.8232599496841431,-0.3773778975009918,0.9983503222465515
good,0.5644874572753906,0.507041335105896,-1.2647144794464111,0.9998288154602051,0.6809931993484497,0.460138738155365,-0.5549300312995911,0.9994778633117676,0.8574455380439758,0.8124921917915344,-0.20433175563812256,0.993630588054657,0.3488388657569885,0.8226187825202942,-0.37474533915519714,0.9983002543449402
good,0.563385546207428,0.507377028465271,-1.2650635242462158,0.9998335242271423,0.6811906099319458,0.46056416630744934,-0.5584450960159302,0.9994946718215942,0.8595972061157227,0.8139896392822266,-0.2107720822095871,0.9936403036117554,0.3485341966152191,0.8218795657157898,-0.3751305341720581,0.9982594847679138
good,0.6050979495048523,0.4992421269416809,-1.2034717798233032,0.9994314908981323,0.7047001123428345,0.47331464290618896,-0.6753737330436707,0.9977739453315735,0.8705675005912781,0.7925149202346802,-0.3085080087184906,0.9948049783706665,0.3872845470905304,0.8168209195137024,-0.3755027651786804,0.9987383484840393
good,0.6321641802787781,0.5023748874664307,-1.270012378692627,0.9997177124023438,0.7184779047966003,0.47265252470970154,-0.7074815630912781,0.9987967014312744,0.8743394613265991,0.7980384230613708,-0.3089667558670044,0.9968311190605164,0.3829668164253235,0.8310502767562866,-0.44825640320777893,0.9991779923439026
good,0.6320968866348267,0.5029694437980652,-1.2690268754959106,0.9997372031211853,0.7185991406440735,0.4728056788444519,-0.7009519338607788,0.9988677501678467,0.874392032623291,0.7983178496360779,-0.2989998161792755,0.9969503283500671,0.3826931416988373,0.8316239714622498,-0.44319576025009155,0.9992074370384216
good,0.6323238611221313,0.50298011302948,-1.2679765224456787,0.9997541904449463,0.7190696597099304,0.4728032648563385,-0.6993932127952576,0.9989314079284668,0.8748522996902466,0.7984737753868103,-0.2977800965309143,0.997065007686615,0.38257572054862976,0.8322253823280334,-0.445040762424469,0.9992339015007019
good,0.6326023936271667,0.503014862537384,-1.197440505027771,0.9997678995132446,0.720373272895813,0.4728270471096039,-0.6597845554351807,0.9989849925041199,0.8767356872558594,0.7995696663856506,-0.2840466797351837,0.9971471428871155,0.3823826313018799,0.8340587019920349,-0.4438868463039398,0.9992637634277344
good,0.6325639486312866,0.5029909610748291,-1.2001326084136963,0.999779462814331,0.7204245328903198,0.47244852781295776,-0.6606428623199463,0.9990327954292297,0.8769923448562622,0.800051748752594,-0.28427672386169434,0.9972270131111145,0.3811100125312805,0.83677738904953,-0.4428313374519348,0.9992826581001282
good,0.6324785351753235,0.5029098987579346,-1.2016347646713257,0.9997838735580444,0.7203787565231323,0.4721347689628601,-0.6587084531784058,0.9990498423576355,0.8775226473808289,0.8000926375389099,-0.2843484878540039,0.9973037242889404,0.3807435631752014,0.8383671045303345,-0.437905877828598,0.9992947578430176
good,0.6324507594108582,0.502989649772644,-1.1991256475448608,0.9997855424880981,0.7198995351791382,0.4721546173095703,-0.6511629819869995,0.9990695714950562,0.8770483136177063,0.7999497056007385,-0.28036269545555115,0.9974029064178467,0.38055235147476196,0.8387975692749023,-0.430370569229126,0.9993087649345398
good,0.6325770616531372,0.5030516386032104,-1.2014682292938232,0.9997866153717041,0.7196186184883118,0.47215163707733154,-0.6526364684104919,0.9990819692611694,0.8768327832221985,0.7997562289237976,-0.2806078791618347,0.9974899888038635,0.38049110770225525,0.8388692140579224,-0.4301503300666809,0.9993194341659546
good,0.6317448019981384,0.5031254887580872,-1.2039408683776855,0.9997818470001221,0.7188541293144226,0.4721674621105194,-0.6573658585548401,0.9990723729133606,0.8768161535263062,0.7997682690620422,-0.2886909544467926,0.9975308775901794,0.3804786801338196,0.8388429880142212,-0.42981868982315063,0.9993266463279724
good,0.6315812468528748,0.502617359161377,-1.2229514122009277,0.9997785687446594,0.7180249691009521,0.47188910841941833,-0.663826048374176,0.9990554451942444,0.8764557838439941,0.7993257641792297,-0.294707328081131,0.9975851774215698,0.38021478056907654,0.8386621475219727,-0.4293740391731262,0.9993289113044739
good,0.6314727067947388,0.5022487640380859,-1.2496672868728638,0.9997754096984863,0.7175762057304382,0.47173944115638733,-0.6828517317771912,0.9990378618240356,0.8762640953063965,0.7989287972450256,-0.31018757820129395,0.9976280927658081,0.38012808561325073,0.8385200500488281,-0.4322367310523987,0.999330997467041
good,0.6314568519592285,0.5022774338722229,-1.2378123998641968,0.9997801184654236,0.7174196839332581,0.47171565890312195,-0.6656473875045776,0.999058187007904,0.8762682676315308,0.7985442876815796,-0.2827383577823639,0.9976861476898193,0.3801121115684509,0.8383819460868835,-0.4163428843021393,0.9993425011634827
good,0.631403923034668,0.5024688243865967,-1.24526047706604,0.9997763633728027,0.7172813415527344,0.4717259109020233,-0.6780391931533813,0.9990484714508057,0.876351535320282,0.798403799533844,-0.2999090552330017,0.9977229237556458,0.380193829536438,0.8382723927497864,-0.414025217294693,0.9993441104888916
good,0.6313628554344177,0.5025765895843506,-1.2437890768051147,0.9997733235359192,0.7171977758407593,0.4717308580875397,-0.6784407496452332,0.9990401864051819,0.8764456510543823,0.7983109951019287,-0.30105528235435486,0.997761607170105,0.38026049733161926,0.8381239175796509,-0.40867868065834045,0.9993476867675781
good,0.6314356923103333,0.5032661557197571,-1.2690349817276,0.9997751116752625,0.7170869708061218,0.4719630777835846,-0.6980616450309753,0.9990388751029968,0.8764451742172241,0.7983121871948242,-0.30908599495887756,0.9978131055831909,0.3801679015159607,0.8381747603416443,-0.42476677894592285,0.9993570446968079
good,0.6316538453102112,0.5034782290458679,-1.2649457454681396,0.9997758269309998,0.7170771956443787,0.47194433212280273,-0.6978963613510132,0.9990336894989014,0.8764091730117798,0.7981576323509216,-0.3086646795272827,0.9978490471839905,0.3803013563156128,0.8380586504936218,-0.4296277165412903,0.999362051486969
good,0.6318265199661255,0.5036340355873108,-1.2634282112121582,0.9997771382331848,0.7170734405517578,0.4719250500202179,-0.6994609236717224,0.9990289211273193,0.8763812184333801,0.7980517745018005,-0.30921122431755066,0.9978778958320618,0.3804212808609009,0.8380239605903625,-0.4355630874633789,0.9993667006492615
good,0.6325045228004456,0.5038109421730042,-1.26202392578125,0.999780535697937,0.7170413732528687,0.4719323217868805,-0.6988611817359924,0.9990428686141968,0.8757771253585815,0.7973451018333435,-0.30522602796554565,0.9979451298713684,0.3804212212562561,0.8380098938941956,-0.4385451674461365,0.999374508857727
good,0.6332274079322815,0.5039817690849304,-1.2030593156814575,0.9997841715812683,0.7170358300209045,0.4720216393470764,-0.6575968861579895,0.9990659952163696,0.8738695979118347,0.7965243458747864,-0.2734004259109497,0.9980419278144836,0.3803638815879822,0.8370983004570007,-0.4184751510620117,0.9993903040885925
good,0.6337214112281799,0.5042030811309814,-1.1901953220367432,0.9997893571853638,0.7170485258102417,0.4721776247024536,-0.6457239389419556,0.9990933537483215,0.8724543452262878,0.795960545539856,-0.26511991024017334,0.998138427734375,0.380320280790329,0.836593508720398,-0.40863680839538574,0.9994056820869446
good,0.6337581276893616,0.5043136477470398,-1.1923766136169434,0.9997894167900085,0.7170661687850952,0.47220081090927124,-0.6551851034164429,0.9990869164466858,0.8723918199539185,0.7956230640411377,-0.2711082100868225,0.9981458783149719,0.38034018874168396,0.836441159248352,-0.4158187806606293,0.9994113445281982
good,0.6339142322540283,0.5043889880180359,-1.1980682611465454,0.9997936487197876,0.7170658707618713,0.4722226858139038,-0.6574529409408569,0.9991011619567871,0.8719639778137207,0.7949895262718201,-0.2726083993911743,0.998205304145813,0.3804253935813904,0.8361451029777527,-0.41508954763412476,0.999422550201416
good,0.6341806650161743,0.5044330358505249,-1.2026244401931763,0.9997955560684204,0.7170648574829102,0.4722454249858856,-0.6585689783096313,0.9991061091423035,0.8711783289909363,0.7944429516792297,-0.2739182114601135,0.9982428550720215,0.38052523136138916,0.8357031345367432,-0.41543760895729065,0.9994272589683533
good,0.634202778339386,0.5043745636940002,-1.2029600143432617,0.9997936487197876,0.717034101486206,0.4722166657447815,-0.6587539911270142,0.9990963339805603,0.8708875775337219,0.7942235469818115,-0.2733317017555237,0.9982636570930481,0.380577951669693,0.8350083827972412,-0.4149925708770752,0.9994300007820129
good,0.6341857314109802,0.5044138431549072,-1.1941229104995728,0.9997954964637756,0.7169234156608582,0.4722059667110443,-0.6547439694404602,0.9991023540496826,0.8708010911941528,0.7936561703681946,-0.2729397416114807,0.9982861280441284,0.3808116316795349,0.834638237953186,-0.40249305963516235,0.9994322061538696
good,0.633533239364624,0.5043620467185974,-1.2536412477493286,0.99980229139328,0.7163304090499878,0.47196832299232483,-0.7126098275184631,0.9991215467453003,0.8705717325210571,0.793296754360199,-0.32391858100891113,0.9983118176460266,0.3809303343296051,0.8337211012840271,-0.4265284538269043,0.9994427561759949
good,0.6317546963691711,0.50437331199646,-1.2500356435775757,0.9998085498809814,0.7154185175895691,0.4718257486820221,-0.7064733505249023,0.9991456866264343,0.8705037236213684,0.7927229404449463,-0.31935057044029236,0.9983448386192322,0.3809570074081421,0.8328524827957153,-0.4221128523349762,0.9994500875473022
good,0.6314340829849243,0.5042417049407959,-1.2485501766204834,0.9998154044151306,0.714762270450592,0.4715638756752014,-0.7023199796676636,0.9991682171821594,0.8701791763305664,0.7922852635383606,-0.31644707918167114,0.9983566403388977,0.38096827268600464,0.8328239917755127,-0.4242273271083832,0.9994561076164246
good,0.6310153603553772,0.5039843916893005,-1.241391658782959,0.9998223781585693,0.7142747044563293,0.47125303745269775,-0.7007455229759216,0.9991907477378845,0.8700151443481445,0.7919442057609558,-0.31433480978012085,0.9983727335929871,0.3809965252876282,0.8327937722206116,-0.4241761565208435,0.9994654655456543
good,0.6302914619445801,0.5037131905555725,-1.2399821281433105,0.9998319149017334,0.7136639356613159,0.47103261947631836,-0.698309600353241,0.9992327690124512,0.870123565196991,0.7919371724128723,-0.3184429407119751,0.9984204173088074,0.3810941278934479,0.8325499296188354,-0.413407564163208,0.9994813799858093
good,0.6297568678855896,0.5034260153770447,-1.200744390487671,0.9998394846916199,0.7130229473114014,0.4709014296531677,-0.6778813600540161,0.9992712736129761,0.8700505495071411,0.7919139266014099,-0.3182161748409271,0.9984650611877441,0.38110440969467163,0.8323526382446289,-0.39356517791748047,0.99949049949646
good,0.6294506788253784,0.5031048655509949,-1.188565969467163,0.9998466372489929,0.7126758098602295,0.4707535207271576,-0.6668896675109863,0.9993066191673279,0.8700420260429382,0.7918847799301147,-0.31671494245529175,0.9985082149505615,0.3811066448688507,0.8322917819023132,-0.38586944341659546,0.9994996190071106
good,0.6279360055923462,0.5028799772262573,-1.2014198303222656,0.9998555183410645,0.7122771739959717,0.4706592857837677,-0.6725180149078369,0.9993458390235901,0.8701159358024597,0.7919415831565857,-0.32513388991355896,0.9985626339912415,0.38100603222846985,0.8322708010673523,-0.3879964053630829,0.9995158314704895
good,0.6269491314888,0.502717912197113,-1.2521601915359497,0.9998603463172913,0.7117551565170288,0.4706328213214874,-0.7229664921760559,0.9993619322776794,0.870071291923523,0.7920128107070923,-0.3600713610649109,0.998581051826477,0.38075751066207886,0.832658588886261,-0.4335756301879883,0.9995239973068237
good,0.6263920068740845,0.5025855898857117,-1.2962844371795654,0.999863862991333,0.711409866809845,0.4705823063850403,-0.7670119404792786,0.9993726015090942,0.8699760437011719,0.7919619083404541,-0.39526379108428955,0.9986012578010559,0.38064470887184143,0.8326511979103088,-0.4666750431060791,0.9995322227478027
good,0.6258324980735779,0.5025261640548706,-1.2810404300689697,0.9998699426651001,0.7112280130386353,0.47064417600631714,-0.7486594915390015,0.9994029402732849,0.8698495030403137,0.7919198870658875,-0.38268905878067017,0.9986658692359924,0.38065722584724426,0.8324967622756958,-0.45505428314208984,0.9995478987693787
good,0.6257467269897461,0.5025684237480164,-1.212738275527954,0.9998700618743896,0.7109562754631042,0.4708392918109894,-0.6820753812789917,0.9994124174118042,0.8682101368904114,0.7905949950218201,-0.3387961983680725,0.998700737953186,0.38076895475387573,0.8314822912216187,-0.3813658356666565,0.9995465874671936
good,0.6245784163475037,0.5025710463523865,-1.2136857509613037,0.999873697757721,0.7108291387557983,0.47092142701148987,-0.6896623373031616,0.9994305372238159,0.8677634000778198,0.7903484106063843,-0.34799447655677795,0.9987298250198364,0.38077810406684875,0.8309684991836548,-0.38205063343048096,0.9995525479316711
good,0.624000608921051,0.5025395750999451,-1.1834675073623657,0.9998793601989746,0.7106786966323853,0.47090205550193787,-0.6617044806480408,0.9994596242904663,0.8675711750984192,0.7900667786598206,-0.32627564668655396,0.9987834095954895,0.38106897473335266,0.8300438523292542,-0.36322757601737976,0.9995635747909546
good,0.6237165331840515,0.5025292634963989,-1.1657230854034424,0.9998805522918701,0.710648775100708,0.4709087908267975,-0.6539039015769958,0.9994712471961975,0.8673415184020996,0.7896661162376404,-0.31369855999946594,0.9987923502922058,0.38107094168663025,0.8294365406036377,-0.36957934498786926,0.999562680721283
good,0.6232986450195312,0.5025206208229065,-1.1610978841781616,0.9998821020126343,0.7106298208236694,0.4709087312221527,-0.6507374048233032,0.9994865655899048,0.8673352003097534,0.7893301844596863,-0.3049283027648926,0.9988232851028442,0.3811195492744446,0.8288898468017578,-0.3599388599395752,0.999567985534668
good,0.622957706451416,0.5025231242179871,-1.1654809713363647,0.9998828172683716,0.7106263637542725,0.4709182679653168,-0.6539944410324097,0.9994977712631226,0.8673305511474609,0.7891194820404053,-0.3044775128364563,0.9988471865653992,0.3811918795108795,0.8283716440200806,-0.36124512553215027,0.9995723962783813
good,0.6217871904373169,0.5027750730514526,-1.1608169078826904,0.9998842477798462,0.7105762362480164,0.47105714678764343,-0.6527408361434937,0.9995034337043762,0.8672820329666138,0.7890449166297913,-0.3015536069869995,0.9988617897033691,0.3815360963344574,0.8281015157699585,-0.3648826479911804,0.9995810985565186
good,0.6210809946060181,0.502996027469635,-1.162620186805725,0.999884843826294,0.710557758808136,0.4711906313896179,-0.6544520258903503,0.9995050430297852,0.867250919342041,0.78900146484375,-0.30205875635147095,0.9988725185394287,0.38186609745025635,0.8278893828392029,-0.36654382944107056,0.999588131904602
good,0.6210705041885376,0.5031312704086304,-1.165679931640625,0.9998877644538879,0.7105494737625122,0.4714893400669098,-0.6558179259300232,0.9995186924934387,0.8672424554824829,0.7890316843986511,-0.3126927316188812,0.9989164471626282,0.3819854259490967,0.8280178904533386,-0.36362335085868835,0.9996004700660706
good,0.6206983923912048,0.5032656192779541,-1.1591683626174927,0.9998902082443237,0.7104843854904175,0.471820205450058,-0.656501293182373,0.9995294809341431,0.867235541343689,0.7891514897346497,-0.31279829144477844,0.9989448189735413,0.38199666142463684,0.8280010223388672,-0.36886006593704224,0.9996106624603271
bad,0.6192414164543152,0.6505089998245239,-1.9193248748779297,0.9995726943016052,0.7220540642738342,0.5461263060569763,-1.3223612308502197,0.9989349246025085,0.9027458429336548,0.842326283454895,-0.785778820514679,0.9967278838157654,0.3112146258354187,0.911460280418396,-0.8525260090827942,0.9986014366149902
bad,0.610963761806488,0.7095112204551697,-2.1992619037628174,0.9995397925376892,0.7211872339248657,0.5560978055000305,-1.6749454736709595,0.9987963438034058,0.9033459424972534,0.8596287369728088,-1.0326859951019287,0.9965501427650452,0.29793494939804077,0.896529495716095,-1.093630313873291,0.9987954497337341
bad,0.5975605845451355,0.685508668422699,-2.0838463306427,0.9991148710250854,0.7197083830833435,0.5655738115310669,-1.5532448291778564,0.9983215928077698,0.9093717336654663,0.8514457941055298,-0.9768845438957214,0.9909751415252686,0.3211634159088135,0.9044758677482605,-0.9916893243789673,0.9977185726165771
bad,0.6129482984542847,0.5194944143295288,-1.3312575817108154,0.9997327327728271,0.7054030895233154,0.4748564064502716,-0.7441871166229248,0.9991788864135742,0.8903870582580566,0.844931423664093,-0.36791232228279114,0.9964399933815002,0.3473619222640991,0.8882640600204468,-0.5165098309516907,0.999004065990448
bad,0.6091304421424866,0.607945442199707,-1.5483745336532593,0.9998254179954529,0.7200086116790771,0.5198794603347778,-0.9960309267044067,0.9993581175804138,0.8994773030281067,0.8549480438232422,-0.49257540702819824,0.9982731938362122,0.3672958016395569,0.8642739653587341,-0.6287158131599426,0.9996339678764343
bad,0.8216104507446289,0.8098863959312439,-1.8224023580551147,0.9950910806655884,0.9122048616409302,0.7585350871086121,-1.4027024507522583,0.9911090731620789,0.9105384945869446,0.9551026225090027,-1.0979083776474,0.934196949005127,0.443398654460907,0.818878173828125,-1.0056655406951904,0.9910176992416382
bad,0.6285067796707153,0.702340304851532,-2.1340503692626953,0.9993312358856201,0.7731958627700806,0.5513822436332703,-1.6293197870254517,0.9985318183898926,0.8639934659004211,0.8936000466346741,-1.2416335344314575,0.9783613681793213,0.34859126806259155,0.8359333276748657,-0.9848741292953491,0.9804731607437134
bad,0.6300720572471619,0.7356392741203308,-2.531730890274048,0.9996907711029053,0.7796059250831604,0.5734356641769409,-1.9783118963241577,0.9994423389434814,0.8751789331436157,0.9117634296417236,-1.4017082452774048,0.966939389705658,0.351531982421875,0.8399757146835327,-1.2104172706604004,0.977117121219635
bad,0.6685265898704529,0.9699437022209167,-3.282140016555786,0.999215304851532,0.7885565757751465,0.7229377627372742,-2.6585798263549805,0.9987840056419373,0.8663851618766785,0.8721522688865662,-1.7914307117462158,0.8737024068832397,0.1994318664073944,0.9693946838378906,-2.387988328933716,0.8716086149215698
bad,0.664145827293396,0.7011458873748779,-2.9305977821350098,0.9966188669204712,0.7947951555252075,0.5566995739936829,-2.2065014839172363,0.9931025505065918,0.9589481353759766,0.8649846315383911,-1.3339329957962036,0.8993997573852539,0.2611979842185974,0.9722171425819397,-1.7309030294418335,0.9557616710662842
bad,0.6669073104858398,0.6805490255355835,-2.811964511871338,0.9967741370201111,0.7789198756217957,0.5627260208129883,-1.8625491857528687,0.9940693378448486,0.9041851162910461,0.8924277424812317,-1.113689661026001,0.9206012487411499,0.27330201864242554,0.9538155794143677,-1.401090383529663,0.9589846730232239
bad,0.736343264579773,0.7199650406837463,-2.6401941776275635,0.9979766607284546,0.8090397715568542,0.5888753533363342,-1.640977144241333,0.9974929690361023,0.8724468946456909,0.9270879626274109,-0.7341119050979614,0.9052625298500061,0.3475424647331238,0.9780474305152893,-1.4200403690338135,0.8756135106086731
bad,0.7530368566513062,0.7749932408332825,-2.9644808769226074,0.9984104037284851,0.8397157788276672,0.6223917603492737,-2.107093095779419,0.9981553554534912,0.919461727142334,0.9243587851524353,-1.270491361618042,0.9229227304458618,0.347831130027771,0.9877885580062866,-1.6127023696899414,0.8875178098678589
bad,0.6262919306755066,0.7065123915672302,-1.8487024307250977,0.9987999796867371,0.7670552730560303,0.5868973135948181,-1.2464451789855957,0.9989920258522034,0.8550790548324585,0.9584434628486633,-0.9576340913772583,0.8869149684906006,0.43451738357543945,0.9783041477203369,-0.18561510741710663,0.8304975628852844
bad,0.6309793591499329,0.7114089131355286,-2.073453664779663,0.9990212917327881,0.772188127040863,0.5926656126976013,-1.4251047372817993,0.9992411732673645,0.9051002264022827,0.9862144589424133,-1.1404314041137695,0.9080338478088379,0.42624807357788086,0.9625400304794312,-0.4772654175758362,0.8534543514251709
bad,0.6485406160354614,0.7220439910888672,-1.9341776371002197,0.9988083839416504,0.7717320322990417,0.5971404314041138,-1.2577098608016968,0.9993152618408203,0.8728296160697937,0.9617956876754761,-0.9265003204345703,0.9420363903045654,0.41705456376075745,0.951811671257019,-0.5971567034721375,0.898089587688446
bad,0.6739547252655029,0.6859070658683777,-1.6326303482055664,0.9996575117111206,0.7669105529785156,0.5725720524787903,-1.1958389282226562,0.999233603477478,0.888157069683075,0.8299283385276794,-0.737507700920105,0.9980306625366211,0.38605427742004395,0.8173745274543762,-0.6671068072319031,0.9993821978569031
bad,0.677611231803894,0.6742461323738098,-1.5134984254837036,0.9997220039367676,0.7696222066879272,0.5700401067733765,-1.0519897937774658,0.9993795156478882,0.8860009908676147,0.8274676203727722,-0.619867205619812,0.9984785318374634,0.3830891251564026,0.8234768509864807,-0.5541962385177612,0.9994017481803894
bad,0.6785961389541626,0.6702309846878052,-1.538707971572876,0.9997304677963257,0.7704585790634155,0.5688408613204956,-1.0914239883422852,0.9994173049926758,0.8860279321670532,0.8274980187416077,-0.6383198499679565,0.9986172914505005,0.387290358543396,0.8215286731719971,-0.591722309589386,0.9994373917579651
bad,0.6756840944290161,0.6703675985336304,-1.5788518190383911,0.9997450113296509,0.7696412205696106,0.5679656267166138,-1.1051431894302368,0.999489963054657,0.8876550793647766,0.8280683159828186,-0.6515378355979919,0.9987438321113586,0.39360111951828003,0.8209190368652344,-0.5906763672828674,0.999455451965332
bad,0.6710236668586731,0.709504246711731,-1.6317449808120728,0.9994009733200073,0.7720912098884583,0.5688973665237427,-1.0575190782546997,0.9992122650146484,0.9022256135940552,0.8294795155525208,-0.5911589860916138,0.9886481165885925,0.43728500604629517,0.8116924166679382,-0.47883087396621704,0.9923945665359497
bad,0.6821682453155518,0.7081654071807861,-1.894841194152832,0.9996019005775452,0.7786171436309814,0.5718439817428589,-1.2605185508728027,0.9995303750038147,0.9147518873214722,0.8398435115814209,-0.7447415590286255,0.9906590580940247,0.43271374702453613,0.8249330520629883,-0.7258210182189941,0.9923582673072815
bad,0.6263061761856079,0.5701705813407898,-1.343418002128601,0.9978950023651123,0.7386283874511719,0.4905959963798523,-0.7465029954910278,0.9953409433364868,0.940743088722229,0.8431090116500854,-0.29190173745155334,0.9495362043380737,0.4096195101737976,0.8330522775650024,-0.34724968671798706,0.9920772910118103
bad,0.637351393699646,0.5611407160758972,-1.4040908813476562,0.9945442080497742,0.7431554794311523,0.4870578944683075,-0.8421023488044739,0.9862210154533386,0.940808117389679,0.8351868987083435,-0.36042001843452454,0.9305845499038696,0.4247140884399414,0.8178688287734985,-0.4624343514442444,0.9923612475395203
bad,0.636472761631012,0.5632435083389282,-1.4383686780929565,0.9944720268249512,0.7438545823097229,0.49236243963241577,-0.8490408062934875,0.9853426218032837,0.9392144083976746,0.8356254696846008,-0.3718891441822052,0.9404718279838562,0.41995367407798767,0.8218956589698792,-0.4626336693763733,0.9939650893211365
bad,0.6530312299728394,0.554836630821228,-1.5334383249282837,0.997411847114563,0.7129999399185181,0.4972500205039978,-0.8814350962638855,0.9942255616188049,0.8455924987792969,0.8446754813194275,-0.39856284856796265,0.9766765236854553,0.2506585419178009,0.861559271812439,-0.7633956670761108,0.9960964322090149
bad,0.5726028680801392,0.58946293592453,-1.405261754989624,0.9995191693305969,0.6865150332450867,0.4977160692214966,-0.8415548205375671,0.9989855885505676,0.8824739456176758,0.844826340675354,-0.4829517900943756,0.9962227940559387,0.29543474316596985,0.8823029398918152,-0.4477575719356537,0.9986713528633118
bad,0.5789759755134583,0.5896989107131958,-1.4717999696731567,0.9996233582496643,0.6877394914627075,0.5012463927268982,-0.8918718099594116,0.9991968274116516,0.8820260763168335,0.8408104181289673,-0.48499053716659546,0.9972794055938721,0.2975568175315857,0.8831571340560913,-0.47765007615089417,0.9990057945251465
bad,0.6445996761322021,0.7822338938713074,-1.9825122356414795,0.9963271021842957,0.7652482986450195,0.5999125838279724,-1.541453242301941,0.993384063243866,0.9141114354133606,0.8512449860572815,-0.9601980447769165,0.9937585592269897,0.30336299538612366,0.8849969506263733,-1.0598524808883667,0.9972655773162842
bad,0.6412209272384644,0.7819057703018188,-2.0440852642059326,0.9960036277770996,0.7630863189697266,0.6000871062278748,-1.617818832397461,0.9931653738021851,0.9130462408065796,0.8514658212661743,-1.0437681674957275,0.9938968420028687,0.29962944984436035,0.8871605396270752,-1.1175084114074707,0.9970893263816833
bad,0.6407632827758789,0.781537652015686,-2.146414041519165,0.9962192177772522,0.7620997428894043,0.6005247831344604,-1.7151371240615845,0.9936222434043884,0.9110730290412903,0.8511481881141663,-1.103729248046875,0.9940716028213501,0.29542964696884155,0.886891782283783,-1.2146047353744507,0.9970975518226624
bad,0.6315378546714783,0.7330268621444702,-2.1063530445098877,0.9971032738685608,0.7583763003349304,0.588725209236145,-1.5704338550567627,0.995115339756012,0.9197939038276672,0.8552617430686951,-1.0047038793563843,0.9948171377182007,0.3226618766784668,0.8592865467071533,-1.00260329246521,0.9973344802856445
bad,0.6130834817886353,0.5892371535301208,-1.6782077550888062,0.9976817965507507,0.7239816784858704,0.5107490420341492,-1.0458250045776367,0.9945276975631714,0.8979505300521851,0.8343521356582642,-0.5557583570480347,0.9890536069869995,0.32663220167160034,0.8592657446861267,-0.653001606464386,0.9962626099586487
bad,0.6051682233810425,0.5904725790023804,-1.6372703313827515,0.9980001449584961,0.7141926884651184,0.5076805949211121,-1.046528935432434,0.9948369264602661,0.8963375091552734,0.8322268724441528,-0.5552873611450195,0.9884325265884399,0.324585884809494,0.8573331236839294,-0.6341295838356018,0.9963060617446899
bad,0.5959730744361877,0.5881215333938599,-1.5307916402816772,0.9984150528907776,0.709515392780304,0.5036071538925171,-0.9544210433959961,0.9957586526870728,0.8977965116500854,0.8332538604736328,-0.504755437374115,0.9888145327568054,0.32392293214797974,0.8550646305084229,-0.5472818613052368,0.9967995285987854
bad,0.5978158116340637,0.5932090282440186,-1.5315842628479004,0.9985476732254028,0.7082713842391968,0.5030383467674255,-0.9966082572937012,0.9963841438293457,0.9041353464126587,0.8380071520805359,-0.5485877394676208,0.9894665479660034,0.3180634379386902,0.8585003614425659,-0.6079246997833252,0.9966307878494263
bad,0.5861550569534302,0.5936908721923828,-1.6544303894042969,0.9989073276519775,0.7048895359039307,0.5007508397102356,-1.0877635478973389,0.9974259734153748,0.9081632494926453,0.8392868638038635,-0.613784670829773,0.990413248538971,0.32081693410873413,0.8584670424461365,-0.6228214502334595,0.9965543150901794
bad,0.5979708433151245,0.6458075642585754,-1.7461827993392944,0.9986323714256287,0.6765931844711304,0.5418605804443359,-1.0462048053741455,0.996936023235321,0.8749178051948547,0.8369012475013733,-0.4806429445743561,0.9868220090866089,0.29972419142723083,0.8748235702514648,-0.8539457321166992,0.9976343512535095
bad,0.6045824885368347,0.648822546005249,-1.7131292819976807,0.9990558624267578,0.6787945032119751,0.5455753207206726,-0.9770528078079224,0.9977934956550598,0.8697363138198853,0.8398874402046204,-0.4215059280395508,0.9894412755966187,0.2893883287906647,0.8765147924423218,-0.8278236389160156,0.998141884803772
bad,0.6000984907150269,0.5904412865638733,-1.0246607065200806,0.9965190887451172,0.6523281931877136,0.5255035758018494,-0.3515467643737793,0.9926669597625732,0.7379948496818542,0.8703887462615967,-0.04200374707579613,0.9773138761520386,0.28529980778694153,0.8747002482414246,-0.36064451932907104,0.9951770901679993
bad,0.6126484870910645,0.6024690270423889,-1.0751250982284546,0.9939264059066772,0.6771292686462402,0.5152169466018677,-0.40067896246910095,0.9867632389068604,0.8391103744506836,0.8564305901527405,-0.013988131657242775,0.9498628973960876,0.3184567391872406,0.8719829320907593,-0.42356228828430176,0.9931911826133728
bad,0.622348964214325,0.6113749146461487,-1.4190118312835693,0.9913179278373718,0.6791456341743469,0.5157646536827087,-0.6663347482681274,0.9784485697746277,0.83917236328125,0.8531162738800049,-0.1996932327747345,0.9427661895751953,0.31729036569595337,0.8689184188842773,-0.6037195324897766,0.9939562678337097
bad,0.6217801570892334,0.6121947169303894,-1.1488897800445557,0.9882463812828064,0.6774441599845886,0.5167825222015381,-0.4527410864830017,0.9702914953231812,0.8196001052856445,0.8527344465255737,-0.02907334640622139,0.9333655834197998,0.31774309277534485,0.8683807849884033,-0.5094800591468811,0.9938377141952515
bad,0.6212581396102905,0.5925909280776978,-1.2258652448654175,0.9875096678733826,0.6867486834526062,0.5093344449996948,-0.49022164940834045,0.9711295366287231,0.854315459728241,0.8570988178253174,-0.049040596932172775,0.9244745373725891,0.33184120059013367,0.879359781742096,-0.5167088508605957,0.9927436709403992
bad,0.6118260622024536,0.5988315939903259,-1.1045758724212646,0.9881981015205383,0.6798206567764282,0.49805310368537903,-0.4222009778022766,0.9752860069274902,0.8663897514343262,0.850925624370575,0.008276265114545822,0.9226820468902588,0.35556691884994507,0.8685646057128906,-0.41690388321876526,0.992172360420227
bad,0.5859798192977905,0.5907986760139465,-1.2732518911361694,0.9928759336471558,0.6699063777923584,0.4944141209125519,-0.6329928636550903,0.9842361807823181,0.8481186032295227,0.8533678650856018,-0.16033446788787842,0.9611003398895264,0.35561275482177734,0.8480750322341919,-0.5013094544410706,0.9953638315200806
bad,0.5732927322387695,0.5970362424850464,-1.2543185949325562,0.9924466013908386,0.6721360683441162,0.49607595801353455,-0.6448538303375244,0.9846842288970947,0.8771364092826843,0.8553768396377563,-0.2931064963340759,0.9547961950302124,0.3661687970161438,0.8518144488334656,-0.3438616991043091,0.9946114420890808
bad,0.6644686460494995,0.6789035797119141,-2.453378200531006,0.9959461092948914,0.7648406624794006,0.5810490250587463,-1.7365179061889648,0.9844927787780762,0.8950463533401489,0.8492847084999084,-1.0251933336257935,0.9532467722892761,0.30857306718826294,0.8972746133804321,-1.249889612197876,0.9926649332046509
bad,0.6654818058013916,0.6784870028495789,-2.3824450969696045,0.9964697957038879,0.7599809765815735,0.5828484892845154,-1.6538581848144531,0.9870314002037048,0.8896560668945312,0.8483510613441467,-0.9450286030769348,0.9623057842254639,0.3085762858390808,0.8938592076301575,-1.2240129709243774,0.9932276606559753
bad,0.6668875813484192,0.6769731640815735,-2.2587528228759766,0.9980000853538513,0.7550802230834961,0.5847785472869873,-1.5435073375701904,0.9922052621841431,0.8650506734848022,0.8355778455734253,-0.8728147745132446,0.9785325527191162,0.3064403831958771,0.894163966178894,-1.146342396736145,0.9961375594139099
bad,0.6863952875137329,0.6697453260421753,-1.9978663921356201,0.9985863566398621,0.7590872645378113,0.577551007270813,-1.2620958089828491,0.9940152764320374,0.8734931945800781,0.8444294333457947,-0.6682080626487732,0.9877178072929382,0.30235517024993896,0.9109416604042053,-0.9966384768486023,0.9976159930229187
